,ts_code,trade_date,open,high,low,close,pre_close,change,pct_chg,vol,amount
278,600519.SH,20220104,2055,2068.95,2014,2051.23,2050,1.23,0.06,33842.62,6913653.122
277,600519.SH,20220105,2045,2065,2018,2024,2051.23,-27.23,-1.3275,28395.51,5774992.117
276,600519.SH,20220106,2022.01,2036,1938.51,1982.22,2024,-41.78,-2.0642,51794.75,10226933.85
275,600519.SH,20220107,1975,1988.88,1939.32,1942,1982.22,-40.22,-2.029,29816.69,5831695.311
274,600519.SH,20220110,1928.01,1977,1917.55,1966,1942,24,1.2358,29626.7,5792738.145
273,600519.SH,20220111,1948,1965,1931.17,1940.55,1966,-25.45,-1.2945,22276.64,4332180.604
272,600519.SH,20220112,1948,1978.8,1948,1967,1940.55,26.45,1.363,27474.1,5384359.628
271,600519.SH,20220113,1964.82,1967.99,1865.56,1877.39,1967,-89.61,-4.5557,56747.35,10781720.54
270,600519.SH,20220114,1877.39,1893,1863,1867,1877.39,-10.39,-0.5534,29321.64,5506186.026
269,600519.SH,20220117,1868,1878.3,1835.34,1861.61,1867,-5.39,-0.2887,27353.82,5074077.665
268,600519.SH,20220118,1861.68,1908.85,1852,1892.27,1861.61,30.66,1.647,31215.77,5906705.861
267,600519.SH,20220119,1919,1919,1888.88,1912,1892.27,19.73,1.0427,26370.94,5026993.463
266,600519.SH,20220120,1916,1979.99,1916,1969.52,1912,57.52,3.0084,34013.91,6665294.954
265,600519.SH,20220121,1960,1993.49,1951.01,1984.99,1969.52,15.47,0.7855,30812.58,6091427.695
264,600519.SH,20220124,1955,1984,1931.44,1950.2,1984.99,-34.79,-1.7527,23985.8,4685441.775
263,600519.SH,20220125,1943,1966,1931,1943,1950.2,-7.2,-0.3692,25510.12,4971078.498
262,600519.SH,20220126,1942.04,1969,1919,1955,1943,12,0.6176,23905.13,4655706.528
261,600519.SH,20220127,2001.01,2010.82,1952,1965,1955,10,0.5115,42665.16,8450329.058
260,600519.SH,20220128,1955,1968,1880.01,1887,1965,-78,-3.9695,41020.11,7889492.895
259,600519.SH,20220207,1900.99,1913.56,1850,1867.96,1887,-19.04,-1.009,35150.42,6601799.703
258,600519.SH,20220208,1868.88,1872.87,1790,1839,1867.96,-28.96,-1.5504,41713.06,7585130.459
257,600519.SH,20220209,1839.09,1908,1826.97,1895.98,1839,56.98,3.0984,33884.79,6346699.784
256,600519.SH,20220210,1900,1905.9,1857.39,1873,1895.98,-22.98,-1.212,23031.83,4315456.868
255,600519.SH,20220211,1857,1900.79,1841,1849.97,1873,-23.03,-1.2296,33746.49,6296909.575
254,600519.SH,20220214,1840,1877,1837.31,1868.67,1849.97,18.7,1.0108,20195.87,3762313.349
253,600519.SH,20220215,1868.8,1911,1859,1890.62,1868.67,21.95,1.1746,27105.86,5131842.112
252,600519.SH,20220216,1900,1907,1888,1892.55,1890.62,1.93,0.1021,14586.85,2769034.316
251,600519.SH,20220217,1900.61,1911.48,1881,1886.99,1892.55,-5.56,-0.2938,18213.66,3450265.032
250,600519.SH,20220218,1877.63,1907.98,1865.66,1907,1886.99,20.01,1.0604,19385.49,3670339.742
249,600519.SH,20220221,1900,1906.9,1868.95,1876.99,1907,-30.01,-1.5737,20815.73,3920377.358
248,600519.SH,20220222,1860.01,1861,1800.02,1807.87,1876.99,-69.12,-3.6825,52298.81,9473992.638
247,600519.SH,20220223,1811.41,1834,1800.08,1827.01,1807.87,19.14,1.0587,28111.61,5118197.82
246,600519.SH,20220224,1808,1813.99,1748.1,1764.11,1827.01,-62.9,-3.4428,65359.25,11578557.08
245,600519.SH,20220225,1775,1808.28,1775,1799.06,1764.11,34.95,1.9812,38979.13,6999524.161
244,600519.SH,20220228,1787.06,1797,1767,1790.4,1799.06,-8.66,-0.4814,28923.03,5158148.387
243,600519.SH,20220301,1802,1863.57,1802,1858.48,1790.4,68.08,3.8025,47379.3,8721229.267
242,600519.SH,20220302,1840,1850.99,1825,1844.88,1858.48,-13.6,-0.7318,20074.48,3690612.341
241,600519.SH,20220303,1845.8,1850.25,1794,1800,1844.88,-44.88,-2.4327,31546.93,5703580.558
240,600519.SH,20220304,1772,1792.89,1755.1,1780.5,1800,-19.5,-1.0833,31047.03,5509157.654
239,600519.SH,20220307,1760.2,1768,1703.8,1707,1780.5,-73.5,-4.1281,49155.81,8487507.372
238,600519.SH,20220308,1759.98,1786.66,1732,1753.2,1707,46.2,2.7065,57215.46,10087484.37
237,600519.SH,20220309,1764.1,1805,1721.11,1779.18,1753.2,25.98,1.4819,56434.42,10018590.07
236,600519.SH,20220310,1808,1821,1791,1794.43,1779.18,15.25,0.8571,36461.78,6587438.866
235,600519.SH,20220311,1766,1777,1718.08,1769.01,1794.43,-25.42,-1.4166,47726.77,8335618.341
234,600519.SH,20220314,1730,1750,1700,1700,1769.01,-69.01,-3.9011,49006.61,8416841.92
233,600519.SH,20220315,1650,1685,1603,1603,1700,-97,-5.7059,89055.87,14567142.62
232,600519.SH,20220316,1634,1683.9,1593,1674.95,1603,71.95,4.4885,77592.81,12753010.16
231,600519.SH,20220317,1720,1755,1711.66,1720.15,1674.95,45.2,2.6986,68351.96,11843531.81
230,600519.SH,20220318,1718,1745,1692.28,1707.79,1720.15,-12.36,-0.7185,38348.68,6564085.394
229,600519.SH,20220321,1724,1725.65,1695.01,1704.3,1707.79,-3.49,-0.2044,27877.16,4763083.283
228,600519.SH,20220322,1723.88,1723.88,1686.33,1695,1704.3,-9.3,-0.5457,21054.04,3578291.198
227,600519.SH,20220323,1705,1770,1697,1752.19,1695,57.19,3.374,58067.39,10096341.45
226,600519.SH,20220324,1738,1740,1717.35,1720.93,1752.19,-31.26,-1.7841,25815.32,4457504.43
225,600519.SH,20220325,1712,1734,1685,1690,1720.93,-30.93,-1.7973,29708.66,5054831.352
224,600519.SH,20220328,1625,1664.8,1604,1660.8,1690,-29.2,-1.7278,57541.64,9392008.017
223,600519.SH,20220329,1661.5,1691.5,1661.5,1667,1660.8,6.2,0.3733,25934.98,4343365.464
222,600519.SH,20220330,1698,1730.1,1695,1730.1,1667,63.1,3.7852,42433.43,7276379.091
221,600519.SH,20220331,1720,1738.6,1708.8,1719,1730.1,-11.1,-0.6416,25173.86,4338022.922
220,600519.SH,20220401,1729.94,1793,1721.69,1780.01,1719,61.01,3.5492,44861.91,7936957.252
219,600519.SH,20220406,1753,1788.73,1753,1765,1780.01,-15.01,-0.8433,27819.77,4910792.426
218,600519.SH,20220407,1758,1785,1750.1,1765,1765,0,0,20195.71,3568182.341
217,600519.SH,20220408,1768,1788.7,1766.54,1784,1765,19,1.0765,22941.32,4081618.543
216,600519.SH,20220411,1770,1770,1706.03,1720,1784,-64,-3.5874,43863.59,7568782.591
215,600519.SH,20220412,1729,1787.97,1708,1782,1720,62,3.6047,41629.56,7284546.261
214,600519.SH,20220413,1767,1795,1751.08,1769,1782,-13,-0.7295,31147.66,5534915.753
213,600519.SH,20220414,1788,1835.9,1780.2,1809,1769,40,2.2612,37649.86,6834657.201
212,600519.SH,20220415,1802.2,1818,1795.89,1805.99,1809,-3.01,-0.1664,21041.13,3800797.635
211,600519.SH,20220418,1781.13,1798,1768,1790.82,1805.99,-15.17,-0.84,19793.15,3525102.977
210,600519.SH,20220419,1800,1832.99,1775.5,1790.3,1790.82,-0.52,-0.029,24204.76,4359851.98
209,600519.SH,20220420,1801.69,1820,1768.68,1797,1790.3,6.7,0.3742,24155.72,4342043.328
208,600519.SH,20220421,1790.2,1806,1770,1779.98,1797,-17.02,-0.9471,28952.61,5160788.004
207,600519.SH,20220422,1763,1787.88,1760.18,1773,1779.98,-6.98,-0.3921,27899.75,4955360.846
206,600519.SH,20220425,1750,1776.5,1702,1708,1773,-65,-3.6661,53658.02,9352986.852
205,600519.SH,20220426,1703.33,1748.98,1700,1732.48,1708,24.48,1.4333,44563.96,7692845.226
204,600519.SH,20220427,1767.12,1810,1767.12,1794.92,1732.48,62.44,3.6041,57402.44,10289893.01
203,600519.SH,20220428,1793,1845,1786.5,1835,1794.92,40.08,2.233,44010.06,8038681.95
202,600519.SH,20220429,1836,1849,1810.98,1828.38,1835,-6.62,-0.3608,34885.27,6384066.537
201,600519.SH,20220505,1830,1870,1828.98,1837,1828.38,8.62,0.4715,33660.94,6235017.58
200,600519.SH,20220506,1814.99,1819,1781,1793,1837,-44,-2.3952,28596.18,5138176.68
199,600519.SH,20220509,1780,1780,1738,1752,1793,-41,-2.2867,30351.82,5324616.273
198,600519.SH,20220510,1720,1784.96,1705.01,1766.19,1752,14.19,0.8099,40119.19,7018451.097
197,600519.SH,20220511,1755,1788.48,1752,1768,1766.19,1.81,0.1025,30312.67,5372950.033
196,600519.SH,20220512,1753,1778,1750,1762.67,1768,-5.33,-0.3015,22038.23,3888480.084
195,600519.SH,20220513,1780,1797.94,1766,1778.24,1762.67,15.57,0.8833,20730.52,3690141.231
194,600519.SH,20220516,1797,1797,1742.67,1758,1778.24,-20.24,-1.1382,27765.31,4881208.653
193,600519.SH,20220517,1769.88,1775,1755,1768,1758,10,0.5688,20144.74,3557048.801
192,600519.SH,20220518,1773.66,1773.92,1743.02,1761,1768,-7,-0.3959,24850.44,4362486.907
191,600519.SH,20220519,1745,1757,1739,1756,1761,-5,-0.2839,19776.26,3459059.182
190,600519.SH,20220520,1759.99,1801.15,1752,1800.01,1756,44.01,2.5063,41949.6,7493460.272
189,600519.SH,20220523,1800,1803.89,1772,1781,1800.01,-19.01,-1.0561,22157.13,3950856.594
188,600519.SH,20220524,1786,1787,1755.5,1760,1781,-21,-1.1791,27342.22,4824599.922
187,600519.SH,20220525,1765.27,1772,1747,1755.51,1760,-4.49,-0.2551,22388.69,3929477.102
186,600519.SH,20220526,1761,1761,1730,1742.8,1755.51,-12.71,-0.724,28053.44,4888109.192
185,600519.SH,20220527,1759.99,1780,1753.01,1755.16,1742.8,12.36,0.7092,25119.58,4436904.896
184,600519.SH,20220530,1766,1790.55,1766,1778.41,1755.16,23.25,1.3247,34465.69,6135631.304
183,600519.SH,20220531,1774.77,1814.9,1766.98,1804.03,1778.41,25.62,1.4406,40750.82,7329201.058
182,600519.SH,20220601,1802,1814.78,1779,1788.25,1804.03,-15.78,-0.8747,21760.01,3897858.999
181,600519.SH,20220602,1787.97,1795.8,1780,1786,1788.25,-2.25,-0.1258,16914.73,3019718.032
180,600519.SH,20220606,1790,1795,1758,1788,1786,2,0.112,36741.26,6535329.352
179,600519.SH,20220607,1784.14,1825,1770.31,1817.9,1788,29.9,1.6723,35048.59,6356031.009
178,600519.SH,20220608,1825,1882,1825,1865.6,1817.9,47.7,2.6239,44353.81,8236953.846
177,600519.SH,20220609,1872,1888.35,1849,1853,1865.6,-12.6,-0.6754,26329.02,4897066.622
176,600519.SH,20220610,1845.01,1907,1835,1900.6,1853,47.6,2.5688,47344.62,8882462.598
175,600519.SH,20220613,1890,1892,1848.08,1856,1900.6,-44.6,-2.3466,36755.18,6847248.995
174,600519.SH,20220614,1834,1875.42,1832,1871,1856,15,0.8082,29416.23,5467949.348
173,600519.SH,20220615,1870,1905,1862.99,1875.1,1871,4.1,0.2191,33663.62,6354869.1
172,600519.SH,20220616,1894.59,1907.63,1875.33,1877,1875.1,1.9,0.1013,26886.7,5087605.391
171,600519.SH,20220617,1878.09,1952,1878.09,1951,1877,74,3.9425,50541.61,9749530.916
170,600519.SH,20220620,1950,1970,1930,1942.02,1951,-8.98,-0.4603,34974.78,6802792.459
169,600519.SH,20220621,1949,1966.99,1928,1945.74,1942.02,3.72,0.1916,23717.02,4617805.127
168,600519.SH,20220622,1955,1958,1932,1936,1945.74,-9.74,-0.5006,19646.65,3813775.294
167,600519.SH,20220623,1942.7,1965.04,1940,1957.1,1936,21.1,1.0899,26843.52,5239860.443
166,600519.SH,20220624,1970,2020,1965,2009.01,1957.1,51.91,2.6524,39634.65,7921199.792
165,600519.SH,20220627,2019.94,2049.94,2000.3,2010.55,2009.01,1.54,0.0767,40115.17,8124448.9
164,600519.SH,20220628,2019.74,2041,2001,2036,2010.55,25.45,1.2658,25245.71,5112298.787
163,600519.SH,20220629,2028,2042,2011.01,2030,2036,-6,-0.2947,30360.12,6142508.408
162,600519.SH,20220630,2000,2077,1999.99,2045,2008.33,36.67,1.8259,38982.43,7984019.438
161,600519.SH,20220701,2055,2067.77,2015.21,2029.05,2045,-15.95,-0.78,21596.45,4385555.299
160,600519.SH,20220704,2020.01,2024.29,2001.01,2018,2029.05,-11.05,-0.5446,25075.89,5042804.258
159,600519.SH,20220705,2025.28,2054.45,2010,2033.01,2018,15.01,0.7438,26329.4,5345189.852
158,600519.SH,20220706,2032,2039,1986,2002,2033.01,-31.01,-1.5253,32751.66,6566374.982
157,600519.SH,20220707,2005,2009.35,1985.01,1990,2002,-12,-0.5994,20931.77,4179088.24
156,600519.SH,20220708,2005,2014.89,1996.16,1999,1990,9,0.4523,15643.89,3134903.462
155,600519.SH,20220711,1990.2,1994.77,1950.5,1963.6,1999,-35.4,-1.7709,23949.21,4709248.31
154,600519.SH,20220712,1965,1972.8,1930.06,1948.41,1963.6,-15.19,-0.7736,23446.86,4562731.381
153,600519.SH,20220713,1945,1972,1940.67,1958.89,1948.41,10.48,0.5379,19853.77,3893406.034
152,600519.SH,20220714,1960,1976.8,1941,1953,1958.89,-5.89,-0.3007,20527.24,4014985.518
151,600519.SH,20220715,1945.11,1999.68,1944.51,1949.5,1953,-3.5,-0.1792,33416.23,6588730.699
150,600519.SH,20220718,1952.36,1959,1922,1951.66,1949.5,2.16,0.1108,24220.72,4701936.868
149,600519.SH,20220719,1945,1951.65,1926,1943.1,1951.66,-8.56,-0.4386,21956.03,4250852.886
148,600519.SH,20220720,1958.75,1970,1945,1950.1,1943.1,7,0.3602,18704.61,3659970.961
147,600519.SH,20220721,1943.1,1955.9,1934.51,1939,1950.1,-11.1,-0.5692,14061.37,2735503.093
146,600519.SH,20220722,1949.22,1962,1935,1947,1939,8,0.4126,25113.57,4894378.605
145,600519.SH,20220725,1949.51,1952.3,1931,1944.65,1947,-2.35,-0.1207,16912.44,3285451.347
144,600519.SH,20220726,1952.99,1964.97,1947.02,1950.21,1944.65,5.56,0.2859,20685.1,4041100.077
143,600519.SH,20220727,1942,1948,1917,1919.6,1950.21,-30.61,-1.5696,21489.87,4149807.166
142,600519.SH,20220728,1921.1,1938,1892.66,1898,1919.6,-21.6,-1.1252,34869.86,6669448.409
141,600519.SH,20220729,1895.1,1918.99,1878.1,1898.44,1898,0.44,0.0232,37032.36,7028415.881
140,600519.SH,20220801,1890.01,1908,1881.18,1890.3,1898.44,-8.14,-0.4288,21037.41,3988198.59
139,600519.SH,20220802,1880,1887.98,1858.01,1879.98,1890.3,-10.32,-0.5459,28220.88,5284516.568
138,600519.SH,20220803,1889.99,1904,1877,1885,1879.98,5.02,0.267,24598.42,4642442.196
137,600519.SH,20220804,1890,1923.1,1880.13,1916.01,1885,31.01,1.6451,30357.14,5797110.733
136,600519.SH,20220805,1927.8,1935,1904.9,1923.96,1916.01,7.95,0.4149,20085.84,3857406.327
135,600519.SH,20220808,1915.15,1932.88,1907.51,1911.53,1923.96,-12.43,-0.6461,16799.01,3220702.892
134,600519.SH,20220809,1911.53,1918.99,1905,1910,1911.53,-1.53,-0.08,13874.61,2651800.008
133,600519.SH,20220810,1909.98,1918,1864.58,1876,1910,-34,-1.7801,27926.62,5259452.686
132,600519.SH,20220811,1886,1907,1878.01,1906.9,1876,30.9,1.6471,26061.49,4940834.195
131,600519.SH,20220812,1906.9,1930,1900,1928,1906.9,21.1,1.1065,20259.83,3882570.566
130,600519.SH,20220815,1920.46,1939.5,1915.55,1919.89,1928,-8.11,-0.4206,19323.14,3717178.491
129,600519.SH,20220816,1923.94,1933.79,1916,1917.84,1919.89,-2.05,-0.1068,14835.84,2854189.586
128,600519.SH,20220817,1930,1930,1895,1918,1917.84,0.16,0.0083,18360.63,3508295.541
127,600519.SH,20220818,1908,1913.08,1881.07,1895.5,1918,-22.5,-1.1731,23167.77,4384060.205
126,600519.SH,20220819,1898,1908.35,1888,1895.01,1895.5,-0.49,-0.0259,13544.17,2572000.762
125,600519.SH,20220822,1885.01,1907,1881.38,1893.98,1895.01,-1.03,-0.0544,15426.67,2925285.473
124,600519.SH,20220823,1898.6,1898.6,1867,1870.01,1893.98,-23.97,-1.2656,23756.36,4452538.978
123,600519.SH,20220824,1869.99,1875.23,1851,1854.2,1870.01,-15.81,-0.8455,18727.61,3486382.969
122,600519.SH,20220825,1859,1888,1854.2,1885,1854.2,30.8,1.6611,21925.34,4107597.895
121,600519.SH,20220826,1900,1912,1886,1898,1885,13,0.6897,23141.95,4397161.135
120,600519.SH,20220829,1883,1899.97,1874,1878.82,1898,-19.18,-1.0105,13569.62,2555981.192
119,600519.SH,20220830,1882.35,1885,1854.2,1870,1878.82,-8.82,-0.4694,18235.39,3400091.358
118,600519.SH,20220831,1860.1,1925.56,1860.01,1924,1870,54,2.8877,44691.51,8518225.337
117,600519.SH,20220901,1912.15,1916,1880.89,1880.89,1924,-43.11,-2.2406,26845.08,5088658.955
116,600519.SH,20220902,1889.94,1892.96,1866.17,1875,1880.89,-5.89,-0.3131,19391.32,3635162.804
115,600519.SH,20220905,1862.64,1869,1820,1835,1875,-40,-2.1333,36821.87,6764549.173
114,600519.SH,20220906,1835.36,1848.2,1825,1845,1835,10,0.545,20830.04,3832086.313
113,600519.SH,20220907,1835.03,1837.66,1811.01,1818.01,1845,-26.99,-1.4629,28306.16,5151537.33
112,600519.SH,20220908,1820,1832,1815,1815,1818.01,-3.01,-0.1656,16590.57,3026766.448
111,600519.SH,20220909,1825,1852,1816,1844.79,1815,29.79,1.6413,27089.86,4991679.523
110,600519.SH,20220913,1880,1888.38,1858.23,1879,1844.79,34.21,1.8544,28693.09,5387987.148
109,600519.SH,20220914,1864.01,1880,1863,1869,1879,-10,-0.5322,16041.57,3002693.247
108,600519.SH,20220915,1870,1893.12,1869.96,1880,1869,11,0.5886,20810.21,3917954.256
107,600519.SH,20220916,1871.8,1885.6,1855.11,1859,1880,-21,-1.117,24121.27,4501527.357
106,600519.SH,20220919,1855,1888.59,1852.88,1871.64,1859,12.64,0.6799,18583.51,3479680.771
105,600519.SH,20220920,1869.98,1884.6,1858.55,1878,1871.64,6.36,0.3398,14116.3,2645281.859
104,600519.SH,20220921,1876.67,1883,1848,1848,1878,-30,-1.5974,20994.54,3904096.421
103,600519.SH,20220922,1840,1841.02,1816.85,1820.81,1848,-27.19,-1.4713,22704.29,4147900.996
102,600519.SH,20220923,1820.81,1855,1820.81,1834.43,1820.81,13.62,0.748,28287.69,5191904.76
101,600519.SH,20220926,1820,1888,1819.98,1863,1834.43,28.57,1.5574,35134.92,6566771.227
100,600519.SH,20220927,1868.86,1897,1851.11,1888,1863,25,1.3419,28820.19,5422668.135
99,600519.SH,20220928,1880.5,1899.4,1874.01,1883,1888,-5,-0.2648,21445.97,4042506.33
98,600519.SH,20220929,1897.98,1902.18,1871.13,1880.35,1883,-2.65,-0.1407,21589.66,4075515.187
97,600519.SH,20220930,1898.62,1901.99,1866,1872.5,1880.35,-7.85,-0.4175,21289.08,4000917.951
96,600519.SH,20221010,1890,1891,1780.2,1786,1872.5,-86.5,-4.6195,48584.13,8865386.496
95,600519.SH,20221011,1789,1806,1760,1779.99,1786,-6.01,-0.3365,32047.19,5712249.507
94,600519.SH,20221012,1773.66,1779,1708,1760,1779.99,-19.99,-1.123,48195,8372252.823
93,600519.SH,20221013,1720.46,1735,1697,1699.99,1760,-60.01,-3.4097,63969.27,10919727.54
92,600519.SH,20221014,1710,1755,1701.94,1737.61,1699.99,37.62,2.213,46519.7,8045032.623
91,600519.SH,20221017,1726,1727.99,1697.8,1718.5,1737.61,-19.11,-1.0998,33549.51,5740146.639
90,600519.SH,20221018,1725,1730,1701,1705.83,1718.5,-12.67,-0.7373,28082.77,4800689.502
89,600519.SH,20221019,1701.98,1701.98,1648,1648,1705.83,-57.83,-3.3901,60120.93,9997656.284
88,600519.SH,20221020,1621,1668.43,1611,1643.5,1648,-4.5,-0.2731,42778.07,7020555.512
87,600519.SH,20221021,1640,1647.8,1610,1624,1643.5,-19.5,-1.1865,38907.4,6317945.876
86,600519.SH,20221024,1570,1589,1488.01,1501.28,1624,-122.72,-7.5567,132098.04,20217576.17
85,600519.SH,20221025,1479.42,1515,1472,1479.75,1501.28,-21.53,-1.4341,81361.56,12136909.03
84,600519.SH,20221026,1488.8,1514.99,1460,1464.08,1479.75,-15.67,-1.059,81780.83,12120993.86
83,600519.SH,20221027,1480,1487.98,1383.85,1401,1464.08,-63.08,-4.3085,107105.9,15258551.28
82,600519.SH,20221028,1390.77,1406,1358.71,1360,1401,-41,-2.9265,93142.75,12823821.84
81,600519.SH,20221031,1350,1382.01,1333,1350,1360,-10,-0.7353,71846.65,9758303.071
80,600519.SH,20221101,1359,1469.4,1359,1462.01,1350,112.01,8.297,118766.48,16859775.3
79,600519.SH,20221102,1460,1506,1436,1471.96,1462.01,9.95,0.6806,79777.15,11717204.1
78,600519.SH,20221103,1443.57,1462.5,1428.1,1439.5,1471.96,-32.46,-2.2052,45159.7,6509550.787
77,600519.SH,20221104,1437.96,1527.77,1437.96,1516.57,1439.5,77.07,5.3539,80007.95,11996968.95
76,600519.SH,20221107,1494.05,1518.48,1486.59,1507.11,1516.57,-9.46,-0.6238,42698.35,6414049.133
75,600519.SH,20221108,1508,1517.99,1468.96,1484.88,1507.11,-22.23,-1.475,39324.91,5842320.995
74,600519.SH,20221109,1483.95,1488.88,1450,1459.9,1484.88,-24.98,-1.6823,36090.16,5276777.53
73,600519.SH,20221110,1444,1485,1435.15,1475,1459.9,15.1,1.0343,37719.67,5518325.849
72,600519.SH,20221111,1528,1544.45,1494.98,1528.15,1475,53.15,3.6034,73947.15,11252112.28
71,600519.SH,20221114,1543.5,1563.53,1528,1533,1528.15,4.85,0.3174,57370.15,8858049.581
70,600519.SH,20221115,1532,1598.97,1521,1588,1533,55,3.5877,56317.6,8858377.894
69,600519.SH,20221116,1581,1598,1568,1585.25,1588,-2.75,-0.1732,26847.76,4250886.805
68,600519.SH,20221117,1590.5,1596.3,1552.88,1567,1585.25,-18.25,-1.1512,30579.88,4793001.162
67,600519.SH,20221118,1576,1584,1556,1567.13,1567,0.13,0.0083,23608.71,3703793.426
66,600519.SH,20221121,1541.35,1541.35,1498.53,1519.98,1567.13,-47.15,-3.0087,39096,5917086.07
65,600519.SH,20221122,1517.44,1559.74,1516.11,1539.95,1519.98,19.97,1.3138,29900.62,4582790.131
64,600519.SH,20221123,1528,1557,1521.04,1549,1539.95,9.05,0.5877,22177.46,3428793.052
63,600519.SH,20221124,1559,1568.88,1513.98,1519.99,1549,-29.01,-1.8728,27687.38,4241974.248
62,600519.SH,20221125,1520.51,1532,1510,1522.01,1519.99,2.02,0.1329,18621.04,2833988.373
61,600519.SH,20221128,1484.78,1515,1451,1509.88,1522.01,-12.13,-0.797,47723.21,7040991.068
60,600519.SH,20221129,1569.56,1600,1551,1599,1509.88,89.12,5.9025,73420.13,11587859.18
59,600519.SH,20221130,1587.12,1604,1585,1599,1599,0,0,31497.3,5019450.678
58,600519.SH,20221201,1660,1680,1630.79,1630.8,1599,31.8,1.9887,51357.68,8480772.923
57,600519.SH,20221202,1635,1652.99,1621.2,1633.88,1630.8,3.08,0.1889,23883.9,3910860.618
56,600519.SH,20221205,1668,1679,1649,1664.9,1633.88,31.02,1.8985,36127.46,6018521.304
55,600519.SH,20221206,1655,1726.9,1652,1688,1664.9,23.1,1.3875,44147.48,7477917.194
54,600519.SH,20221207,1677.81,1720,1670.03,1684,1688,-4,-0.237,35526.26,6012253.045
53,600519.SH,20221208,1682,1695,1665,1687.02,1684,3.02,0.1793,19729.56,3323420.877
52,600519.SH,20221209,1692,1730,1682,1730,1687.02,42.98,2.5477,39215.26,6716944.493
51,600519.SH,20221212,1715.86,1766,1715,1739.02,1730,9.02,0.5214,34755.17,6063957.619
50,600519.SH,20221213,1737,1760.69,1730,1750,1739.02,10.98,0.6314,21385.46,3735089.152
49,600519.SH,20221214,1743,1780.8,1743,1770.87,1750,20.87,1.1926,29098.4,5141262.368
48,600519.SH,20221215,1805,1816,1780,1786.99,1770.87,16.12,0.9103,30634.44,5497063.39
47,600519.SH,20221216,1773.25,1791,1743,1786.87,1786.99,-0.12,-0.0067,33302.66,5901587.128
46,600519.SH,20221219,1798.8,1798.8,1760.17,1773,1786.87,-13.87,-0.7762,24987.1,4447236.356
45,600519.SH,20221220,1765.33,1765.33,1682.45,1715,1773,-58,-3.2713,46198.4,7944120.661
44,600519.SH,20221221,1724,1739,1717.65,1739,1715,24,1.3994,22816.14,3948926.227
43,600519.SH,20221222,1756.7,1783,1745,1768,1739,29,1.6676,23175.34,4093861.57
42,600519.SH,20221223,1752.4,1782,1745,1771,1768,3,0.1697,17319.21,3063608.409
41,600519.SH,20221226,1771,1771,1735.02,1742.06,1771,-28.94,-1.6341,21383.8,3749121.03
40,600519.SH,20221227,1738,1747.15,1725.5,1733,1720.15,12.85,0.747,17905.05,3109270.166
39,600519.SH,20221228,1745.88,1747,1708.01,1733,1733,0,0,21437.9,3699948.995
38,600519.SH,20221229,1717,1726.99,1701.05,1719,1733,-14,-0.8078,22417.8,3844499.655
37,600519.SH,20221230,1736,1752.99,1727,1727,1719,8,0.4654,25333.12,4409544.297
36,600519.SH,20230103,1731.2,1738.43,1706.01,1730.01,1727,3.01,0.1743,26033.8,4487760.231
35,600519.SH,20230104,1730,1738.7,1716,1725.01,1730.01,-5,-0.289,20415.75,3523582.306
34,600519.SH,20230105,1737,1801,1733,1801,1725.01,75.99,4.4052,47942.85,8541587.089
33,600519.SH,20230106,1806.12,1811.9,1787,1803.77,1801,2.77,0.1538,24903.75,4480838.898
32,600519.SH,20230109,1835,1849.98,1807.82,1841.2,1803.77,37.43,2.0751,30977.23,5684181.147
31,600519.SH,20230110,1839.06,1864.5,1830.5,1854.45,1841.2,13.25,0.7196,22731.73,4204783.734
30,600519.SH,20230111,1856,1860,1836.84,1844.95,1854.45,-9.5,-0.5123,22720.31,4201487.773
29,600519.SH,20230112,1848,1856,1833,1834,1844.95,-10.95,-0.5935,17193.17,3162637.136
28,600519.SH,20230113,1844.18,1888,1840,1887,1834,53,2.8899,31939.65,5969876.222
27,600519.SH,20230116,1886,1935,1881,1912.9,1887,25.9,1.3725,36848.26,7059982.64
26,600519.SH,20230117,1913.16,1923,1895,1908,1912.9,-4.9,-0.2562,21299.23,4068321.409
25,600519.SH,20230118,1914,1925.3,1890,1893,1908,-15,-0.7862,21062.93,4008665.438
24,600519.SH,20230119,1892.5,1892.52,1866,1880.21,1893,-12.79,-0.6756,23438.89,4401994.437
23,600519.SH,20230120,1889.19,1898.25,1858,1860.01,1880.21,-20.2,-1.0743,25608.75,4807356.071
22,600519.SH,20230130,1909,1909,1880,1888,1860.01,27.99,1.5048,35922.55,6799756.571
21,600519.SH,20230131,1896.5,1899.95,1833.07,1845.76,1888,-42.24,-2.2373,32990.68,6128311.548
20,600519.SH,20230201,1854.98,1859,1811.4,1844.97,1845.76,-0.79,-0.0428,33973.89,6244678.925
19,600519.SH,20230202,1848.38,1859,1826,1836.11,1844.97,-8.86,-0.4802,29758.86,5465509.51
18,600519.SH,20230203,1820,1826,1795.68,1818,1836.11,-18.11,-0.9863,34944.9,6324635.031
17,600519.SH,20230206,1780,1795,1760,1795,1818,-23,-1.2651,42660.95,7595739.044
16,600519.SH,20230207,1808.08,1808.8,1787.73,1797,1795,2,0.1114,24321.71,4373671.735
15,600519.SH,20230208,1800.01,1805.97,1775,1784,1797,-13,-0.7234,16675.77,2980574.806
14,600519.SH,20230209,1778,1829.75,1775.01,1818,1784,34,1.9058,29753.66,5401399.088
13,600519.SH,20230210,1810.1,1818.49,1801.05,1810,1818,-8,-0.44,17984.51,3253859.317
12,600519.SH,20230213,1810,1874.5,1810,1856.35,1810,46.35,2.5608,38146.7,7058382.498
11,600519.SH,20230214,1856.46,1857.4,1835,1843.79,1856.35,-12.56,-0.6766,19565.76,3601769.574
10,600519.SH,20230215,1843.78,1855.3,1835.81,1841,1843.79,-2.79,-0.1513,18176.91,3351422.211
9,600519.SH,20230216,1841.34,1887,1828,1861.82,1841,20.82,1.1309,33245.95,6196915.13
8,600519.SH,20230217,1850.16,1873,1820.05,1820.78,1861.82,-41.04,-2.2043,26442.83,4880328.952
7,600519.SH,20230220,1821,1878.8,1817.2,1875,1820.78,54.22,2.9778,29668.69,5488800.056
6,600519.SH,20230221,1874,1874,1851,1867,1875,-8,-0.4267,18750.52,3491633.51
5,600519.SH,20230222,1855.01,1863.9,1831.8,1836,1867,-31,-1.6604,21869.16,4031016.045
4,600519.SH,20230223,1840,1848.8,1805.25,1818,1836,-18,-0.9804,21880.97,3983991.208
3,600519.SH,20230224,1810.11,1810.19,1782.18,1788,1818,-30,-1.6502,24634.61,4415621.498
2,600519.SH,20230227,1778.5,1815,1775.02,1810.41,1788,22.41,1.2534,22064.89,3978128.676
1,600519.SH,20230228,1819,1822.01,1783.3,1813.74,1810.41,3.33,0.1839,23951.81,4314877.096
0,600519.SH,20230301,1813,1848,1803.23,1838.53,1813.74,24.79,1.3668,24458.1,4475592.195
